排名,标题,热度
0,  习近平会见美国国务卿布林肯 , 4974426 
1,  日方逮捕一名中国籍研究员 中方回应 , 4949545 
2,  官方就邻居堵死房门一事成立调查组 , 4829742 
3,  青春在复兴征程上闪闪发光 , 4796472 
4,  调查称53.7%年轻人存款不足10万 , 4605019 
5,  中美会面 王毅说了什么？ , 4580963 
6,  黄子佼连爆13位艺人黑料 , 4451727 
7,  男子指责女孩穿着暴露遭大姐怒怼 , 4351512 
8,  房被邻居霸占女子：胜诉也拿不回房 , 4219927 
9,  女子称母亲到派出所接受询问后死亡 , 4181100 
10,  李梦晒照将暂时离开WNBA , 4025290 
11,  文旅部要求建设男女通用厕间 , 3969950 
12,  黄子佼爆料大小S吸毒嗑药 , 3827839 
13,  黄子佼老婆：一起弥补犯过的错 , 3708646 
14,  张兰直播间放《好日子》开心起舞 , 3626019 
15,  狗狗嫌天热自己坐电梯回家 , 3526504 
16,  鼠头鸭脖涉事企业经营700多个食堂 , 3413694 
17,  外卖员偷吃顾客鸡腿被拍下 , 3385841 
18,  大小S经纪人回应黄子佼爆料 , 3246761 
19,  林心如首回应周杰伸舌事件 , 3131811 
20,  湖南一民办高校教职工月薪普涨5000 , 3022707 
21,  女子房产被邻居打通入住 警方回应 , 2969859 
22,  张杰郑州演唱会后路面脏乱如垃圾场 , 2885919 
23,  虞书欣王鹤棣 二搭 , 2775642 
24,  阿雅否认吸毒 , 2650693 
25,  黄子佼疑轻生被送医 , 2512254 
26,  台湾艺人黄子佼承认性骚扰 , 2489498 
27,  大S工作室回应黄子佼吸毒指控 , 2306358 
28,  女儿考满分农民工父亲买烧鸡庆祝 , 2255459 
29,  男子点30块外卖结果没了2000元 , 2193429 
30,  幼师拍小朋友房车钱视频引争议 , 2074013 
